pos_rel_to_Cys,A,C,D,E,F,G,H,I,K,L,M,N,P,Q,R,S,T,V,W,Y
-10,-0.0328522,-0.50176,-0.0775405,0.0731086,-0.147827,0.0404613,-0.00517559,0.0329355,0.0107825,0.0305142,0.0337488,0.025232,0.0373685,0.0998227,-0.0673351,0.0354509,-0.115639,0.0846698,0.020225,0.122803
-9,-0.0149823,0.056259,-0.182389,-0.101966,0.00211539,0.0396506,-0.0418581,0.0707283,-0.0645428,0.112138,-0.0141615,0.0844587,-0.0149922,0.100207,0.113857,-0.118788,-0.068414,0.0760586,-0.176234,0.0714876
-8,-0.0241094,-0.179753,-0.0868324,-0.0790832,0.13217,0.102206,-0.064001,-0.0266762,-0.0382088,0.0196341,-0.00955431,0.0508096,0.0376818,-0.177976,-0.114815,0.172063,0.0978695,-0.0133012,0.118276,-0.0119429
-7,0.0567033,-0.402621,-0.0609505,-0.177153,-0.0884047,0.144304,0.10646,0.150067,-0.0259874,0.13814,-0.357305,0.0491793,0.0145164,0.0137597,-0.0298725,-0.0875402,0.0910856,0.0475259,0.332434,-0.171547
-6,0.0475309,-0.276771,-0.101895,0.0325811,-0.0560542,0.134743,0.0873912,0.328982,0.0103117,0.0647541,-0.708782,-0.0695791,-0.0488899,0.108794,0.0220717,0.0110324,-0.0305344,-0.0125955,-0.333763,-0.0374443
-5,0.096625,-0.191366,-0.0290702,-0.149037,0.115977,-0.0578725,0.163955,0.0407568,-0.033728,0.204148,-0.400538,-0.0144361,-0.0276254,-0.0865223,-0.0598148,-0.0264798,0.0989874,0.0340733,-0.24633,0.0775308
-4,0.127022,-0.338099,0.0155904,-0.108845,0.0688665,0.000888906,0.228521,0.177396,-0.156306,0.05972,-0.232756,-0.041984,-0.183228,0.223442,-0.0943821,-0.165105,0.0805324,0.0421545,0.110236,0.196442
-3,0.0385541,-0.171064,-0.168411,-0.0717237,0.0760378,0.0168683,0.283055,0.0281314,0.0486348,0.259899,-0.601409,0.0304985,-0.140611,0.0562716,-0.202902,-0.0366186,0.161213,0.0226267,0.0934866,0.0520952
-2,-0.0108236,-0.0543196,-0.0462602,0.00896087,0.286863,-0.100275,0.345812,0.0410096,-0.138983,0.17882,-0.6894,0.0455866,-0.08541,-0.00158017,-0.0127956,-0.0697192,0.0266556,0.18111,-0.464593,0.150867
-1,0.0690458,0.0859961,0.0185339,-0.0402892,0.132974,-0.0993195,0.392401,0.0529246,-0.0664301,0.162899,-0.518855,0.107264,-0.00853353,0.0171298,-0.157611,-0.0338646,-0.174492,0.0828659,0.17787,0.0779423
0,0.0,0.0,0.0,0.0,0.0,0.0,0.0,0.0,0.0,0.0,0.0,0.0,0.0,0.0,0.0,0.0,0.0,0.0,0.0,0.0
1,0.200615,0.102707,-0.366415,-0.00610943,0.188552,-0.0790351,0.32697,0.242798,0.0297364,0.160072,-0.430775,-0.00174239,0.078305,-0.0309674,-0.376822,-0.14572,0.0568878,0.087935,0.167573,0.0837736
2,0.00262946,0.172038,-0.106324,-0.115521,0.225912,0.0172234,0.152194,0.189362,-0.313465,0.302423,-0.368441,-0.159695,-0.125478,-0.0151618,-0.0287686,0.0138581,-0.0904022,0.0786003,-0.257356,0.185414
3,-0.0233025,-0.168166,0.0104797,-0.135824,0.160083,0.194503,0.171467,0.2711,-0.297255,0.194193,-0.461974,-0.0588594,-0.123956,0.0872624,-0.0958246,0.0245165,-0.0106986,0.071841,-0.0426864,0.0333972
4,0.0345236,-0.128972,-0.137574,-0.0663527,0.0163364,0.0585025,0.0871894,0.107138,0.074082,0.00852407,-0.113282,-0.144616,-0.039637,-0.112658,-0.0370971,-0.00387821,0.0977949,0.118201,0.027745,-0.0979304
5,0.0550493,-0.0688299,-0.118833,-0.0122448,-0.188365,0.00760566,0.0482283,-0.0245641,-0.00102246,0.0737859,-0.392393,0.0604859,0.0322905,0.102912,-0.114669,0.0680467,0.105163,-0.00760065,-0.285091,0.0499027
6,0.0604905,-0.220236,0.00336554,-0.0672903,0.227871,0.0561314,0.178998,-0.0622216,-0.0561682,0.25827,-0.363479,-0.0057679,-0.0609056,0.0464065,-0.0212165,-0.0804564,-0.217398,0.0687128,0.0452056,-0.0483748
7,-0.0646027,0.0366329,-0.0015397,-0.0482645,-0.0260686,0.195729,0.234176,0.20617,0.00919983,0.108826,-0.178092,0.0728789,-0.0128765,-0.151772,-0.235391,0.0243862,-0.170276,0.0112932,0.127067,-0.0397188
8,0.114064,0.0,0.106184,-0.0125598,-0.263244,0.00798542,0.0737641,0.0949484,-0.0416496,0.110818,-0.367009,-0.0510419,0.0483422,-0.0887015,-0.00442274,-0.0673072,-0.125383,0.0421548,-0.0778406,0.053819
9,0.0516842,-0.245178,-0.182637,0.0910403,-0.0112585,-0.0696653,0.241305,-0.128882,-0.0249731,0.0329121,0.0597578,0.0121151,0.105188,0.067531,-0.0458796,0.0201076,0.0062977,0.040808,0.0567071,-0.204545
10,0.0403577,-0.220373,0.0732418,0.0304929,-0.206033,0.0659763,0.140977,-0.09315,0.0719523,-0.00842168,-0.102769,-0.0736525,0.0656683,0.135772,-0.046702,-0.193296,0.0675397,0.102875,-0.125168,0.0503083
